{"name":"869c29e7-8d28-43cf-a6fa-74cbe2703d9a","id":"/providers/Microsoft.Flow/flows/869c29e7-8d28-43cf-a6fa-74cbe2703d9a","type":"Microsoft.Flow/flows","properties":{"apiId":"/providers/Microsoft.PowerApps/apis/shared_logicflows","displayName":"Auto message","definition":{"metadata":{"workflowEntityId":null,"processAdvisorMetadata":null,"flowChargedByPaygo":null,"flowclientsuspensionreason":"None","flowclientsuspensiontime":null,"flowclientsuspensionreasondetails":null,"creator":{"id":"6fadf030-1cab-4c39-b91d-278b59e0d204","type":"User","tenantId":"cf72e2bd-7a2b-4783-bdeb-39d57b07f76f"},"provisioningMethod":"FromDefinition","failureAlertSubscription":true,"clientLastModifiedTime":"2024-06-10T22:41:33.1631799Z","connectionKeySavedTimeKey":"2024-06-10T22:41:33.1631799Z"},"$schema":"https://schema.management.azure.com/providers/Microsoft.Logic/schemas/2016-06-01/workflowdefinition.json#","contentVersion":"1.0.0.0","parameters":{"$authentication":{"defaultValue":{},"type":"SecureObject"},"$connections":{"defaultValue":{},"type":"Object"}},"triggers":{"Quando_um_novo_email_é_recebido_(V3)":{"splitOn":"@triggerOutputs()?['body/value']","type":"OpenApiConnectionNotification","inputs":{"parameters":{"to":"gabriel.cunha9@fatec.sp.gov.br"},"host":{"apiId":"/providers/Microsoft.PowerApps/apis/shared_office365","connectionName":"shared_office365","operationId":"OnNewEmailV3"},"authentication":"@parameters('$authentication')"}}},"actions":{"Postar_mensagem_em_um_chat_ou_canal":{"runAfter":{},"type":"OpenApiConnection","inputs":{"parameters":{"poster":"Flow bot","location":"Chat with Flow bot","body/recipient":"@triggerOutputs()?['body/from']","body/messageBody":"<p>Buenas<br>Test</p><p>From @{triggerOutputs()?['body/from']}</p>"},"host":{"apiId":"/providers/Microsoft.PowerApps/apis/shared_teams","connectionName":"shared_teams","operationId":"PostMessageToConversation"},"authentication":"@parameters('$authentication')"}}},"outputs":{}},"connectionReferences":{"shared_office365":{"connectionName":"shared-office365-43f8c67b-1aab-4c7f-8278-b6846874d447","source":"Embedded","id":"/providers/Microsoft.PowerApps/apis/shared_office365","tier":"NotSpecified"},"shared_teams":{"connectionName":"shared-teams-3afa8ed2-8cf9-466b-a25b-f83169aea3c8","source":"Embedded","id":"/providers/Microsoft.PowerApps/apis/shared_teams","tier":"NotSpecified"}},"flowFailureAlertSubscribed":false,"isManaged":false}}